{"cameraMode":{"drawMode":0,"name":"Shaded","section":"Shading Mode"},"sceneLighting":false,"audioPlay":false,"sceneViewState":{"m_AlwaysRefresh":false,"showFog":true,"showSkybox":false,"showFlares":true,"showImageEffects":true,"showParticleSystems":true,"showVisualEffectGraphs":true,"m_FxEnabled":true},"in2DMode":false,"pivot":{"x":-0.11540722846984863,"y":-1.6526975631713868,"z":-3.558396339416504},"rotation":{"x":0.033342618495225909,"y":-0.9566551446914673,"z":0.2625986635684967,"w":0.12146827578544617},"size":5.732509613037109,"orthographic":false}