{"cameraMode":{"drawMode":0,"name":"Shaded","section":"Shading Mode"},"sceneLighting":false,"audioPlay":false,"sceneViewState":{"m_AlwaysRefresh":false,"showFog":true,"showSkybox":false,"showFlares":true,"showImageEffects":true,"showParticleSystems":true,"showVisualEffectGraphs":true,"m_FxEnabled":true},"in2DMode":false,"pivot":{"x":0.2540140151977539,"y":8.699273109436036,"z":-0.13309717178344727},"rotation":{"x":0.09052430838346482,"y":0.5961480140686035,"z":-0.06789380311965943,"w":0.7948642373085022},"size":9.631572723388672,"orthographic":false}