{"cameraMode":{"drawMode":0,"name":"Shaded","section":"Shading Mode"},"sceneLighting":false,"audioPlay":false,"sceneViewState":{"m_AlwaysRefresh":false,"showFog":true,"showSkybox":false,"showFlares":true,"showImageEffects":true,"showParticleSystems":true,"showVisualEffectGraphs":true,"m_FxEnabled":true},"in2DMode":false,"pivot":{"x":-1.0948100090026856,"y":6.202345371246338,"z":-0.6603941917419434},"rotation":{"x":0.09052430838346482,"y":0.5961480140686035,"z":-0.06789380311965943,"w":0.7948642373085022},"size":10.841854095458985,"orthographic":false}