{"cameraMode":{"drawMode":0,"name":"Shaded","section":"Shading Mode"},"sceneLighting":false,"audioPlay":false,"sceneViewState":{"m_AlwaysRefresh":false,"showFog":true,"showSkybox":false,"showFlares":true,"showImageEffects":true,"showParticleSystems":true,"showVisualEffectGraphs":true,"m_FxEnabled":true},"in2DMode":false,"pivot":{"x":0.0353085994720459,"y":0.5135667324066162,"z":-0.027547359466552736},"rotation":{"x":0.033342618495225909,"y":-0.9566551446914673,"z":0.2625986635684967,"w":0.12146827578544617},"size":3.4850826263427736,"orthographic":false}